<?xml version="1.0" encoding="UTF-8" standalone="no"?>
<schoolBoard>
    <name>WRDSB</name>
    <course>
	<code>ICS4U</code>
	<description>Computer Programming, Grade 12, University</description>
	<teacher>David Wilhelm</teacher>
	<fileType>Unmodified</fileType>
</course>
    <course>
        <code>MCV 4UW</code>
        <description>AP Calculus and Vectors</description>
        <teacher>Michael Burns</teacher>
        <fileType>Unmodified</fileType>
    </course>
    <course>
        <code>Lucidology 101</code>
        <description>A mostly false introduction to lucid dreaming.</description>
        <teacher>Nicholas Newport</teacher>
        <fileType>Unmodified</fileType>
    </course>
</schoolBoard>
